Codon,Amino_Acid,Count,Frequency_%,Per_Thousand
TTT,F,534,3.44,34.41
AAA,K,509,3.28,32.8
TAA,*,485,3.13,31.25
AGA,R,476,3.07,30.67
TGT,C,471,3.03,30.35
TGA,*,454,2.93,29.25
AAT,N,397,2.56,25.58
TGG,W,396,2.55,25.52
ACA,T,376,2.42,24.23
CAA,Q,369,2.38,23.78
ATT,I,367,2.36,23.65
TTA,L,336,2.17,21.65
TAT,Y,336,2.17,21.65
TGC,C,334,2.15,21.52
TTG,L,332,2.14,21.39
AGT,S,324,2.09,20.88
CTT,L,321,2.07,20.68
GTT,V,300,1.93,19.33
GAA,E,291,1.88,18.75
AAC,N,290,1.87,18.69
TTC,F,290,1.87,18.69
ACT,T,288,1.86,18.56
TAC,Y,284,1.83,18.3
AGG,R,275,1.77,17.72
ATG,M,270,1.74,17.4
CAT,H,265,1.71,17.08
CAG,Q,264,1.7,17.01
AAG,K,259,1.67,16.69
GAT,D,255,1.64,16.43
TCA,S,251,1.62,16.17
TAG,*,248,1.6,15.98
TCT,S,247,1.59,15.92
CAC,H,231,1.49,14.88
ATA,I,231,1.49,14.88
AGC,S,231,1.49,14.88
GCT,A,216,1.39,13.92
ACC,T,213,1.37,13.73
GGA,G,211,1.36,13.6
GGT,G,204,1.31,13.15
CTG,L,202,1.3,13.02
GAG,E,199,1.28,12.82
CTA,L,199,1.28,12.82
ATC,I,198,1.28,12.76
GAC,D,191,1.23,12.31
GCA,A,189,1.22,12.18
CCA,P,177,1.14,11.41
GTA,V,166,1.07,10.7
GTG,V,159,1.02,10.25
CCT,P,158,1.02,10.18
CTC,L,151,0.97,9.73
GGC,G,142,0.92,9.15
GTC,V,129,0.83,8.31
TCC,S,129,0.83,8.31
GGG,G,126,0.81,8.12
GCC,A,111,0.72,7.15
CCC,P,87,0.56,5.61
ACG,T,68,0.44,4.38
CGT,R,57,0.37,3.67
CGG,R,47,0.3,3.03
CGA,R,46,0.3,2.96
CGC,R,44,0.28,2.84
TCG,S,42,0.27,2.71
CCG,P,39,0.25,2.51
GCG,A,32,0.21,2.06
